<?xml version="1.0" encoding="UTF-8"?>
<?xml-stylesheet type="text/xsl" href="recipes.xsl"?>
<recipes>
	<recipe nombre = "Fabada Asturiana"
	tipo = "Primer plato"
	dificultad = "fácil"
	calorias = "1200"
	tiempo_de_elaboracion = "PT6H">
		<ingredients>
			<ingredient nombre = "Fabes de la Granja" cantidad = "500 gramos"/>
			<ingredient nombre = "Chorizo" cantidad = "1 o 2"/>
			<ingredient nombre = "Morcilla" cantidad = "1 o 2"/>
			<ingredient nombre = "Taco de Jamón" cantidad = "1"/>
			<ingredient nombre = "Agua" cantidad = ""/>
			<ingredient nombre = "Sal" cantidad = "Al gusto"/>
			<ingredient nombre = "Azafrán" cantidad = "Unas hebras"/>
		</ingredients>
		<cooking_steps>
			<step numero = "1"> Dejar les fabes en remojo la noche antes de ser cocinadas.</step>
			<step numero = "2"> A la mañana siguiente escurrir y apartar hasta su elaboración.</step>
			<step numero = "3"> Añadimos a una cazuela les fabes y las cubrimos con agua. Tienen que quedar un par de dedos por encima.</step>
			<step numero = "4"> Calentamos a fuego alto hasta que empiece a hervir.</step>
			<step numero = "5"> Una vez alcanzado el punto de ebullicion, introducimos el compango.</step>
			<step numero = "6"> Revisamos cada pocos minutos para retirar la espuma del cocido.</step>
			<step numero = "7"> Tras media hora a fuego alto, lo ponemos a fuego medio, añadimos el azafrán y la sal al gusto.</step>
			<step numero = "8"> Dejamos que se cocinen lentamente a temperatura baja durante 2 horas. Siempre removiendo de vez en cuando con una cuchara de madera sin romperlas. Durante estas dos horas, añadimos agua fría en dos ocasiones para “asustarlas” (rompe el hervor y ayuda a su perfecta cocción). </step>
			<step numero = "9"> Probamos tras esas 2 horas, verificando que estan bien de sal y cocción. </step>
			<step numero = "10"> Apartamos del fuego, dejamos reposar una media hora, y servimos.</step>
		</cooking_steps>
		<tools>
			<tool nombre = "Pota baja y ancha"/>
			<tool nombre = "Cuchara de madera"/>
			<tool nombre = "Fuente"/>
			<tool nombre = "Espumadera"/>
			<tool nombre = "Garfilla"/>
			<tool nombre = "Cacillo o cucharón"/>
		</tools>
		<origin>
		Receta popular Asturiana.
		</origin>
	</recipe>
	<recipe nombre = "Ensalada de Arroz"
	tipo = "Entrante"
	dificultad = "fácil"
	calorias = "350"
	tiempo_de_elaboracion = "PT30M">
		<ingredients>
			<ingredient nombre = "Arroz Blanco" cantidad = "2 tazas"/>
			<ingredient nombre = "Lechuga" cantidad = "1"/>
			<ingredient nombre = "Aceitunas" cantidad = "1 lata"/>
			<ingredient nombre = "Mahonesa o salsa césar" cantidad = "Al gusto"/>
			<ingredient nombre = "Queso" cantidad = "Al gusto"/>
			<ingredient nombre = "Zanahoria rallada" cantidad = "Al gusto"/>
		</ingredients>
		<cooking_steps>
			<step numero = "1"> Poner el arroz en un cazo con un chorro de aceite y sofreir.</step>
			<step numero = "2"> Una vez sofrito echar 3 tazas de agua en el cazo y poner a hervir.</step>
			<step numero = "3"> Una vez comience a hervir, ponemos a fuego lento y esperamos 20 minutos.</step>
			<step numero = "4"> Dejamos reposar y enfriar</step>
			<step numero = "5"> Mezclamos en un bol el arroz, la lechuga en tiras, las aceitunas, el queso y la Zanahoria.
			 Removemos bien mientras se añade la salsa al gusto.</step>
		</cooking_steps>
		<tools>
			<tool nombre = "Cazo o vaporera"/>
			<tool nombre = "Bol"/>
			<tool nombre = "Cuchara de madera"/>
		</tools>
		<origin>
		Receta personal.
		</origin>
	</recipe>
	<recipe nombre = "Tarta de queso"
	tipo = "Postre"
	dificultad = "fácil"
	calorias = "1000"
	tiempo_de_elaboracion = "PT1H">
		<ingredients>
			<ingredient nombre = "Queso" cantidad = "350 gramos"/>
			<ingredient nombre = "Mantequilla" cantidad = "125 gramos"/>
			<ingredient nombre = "Nata de repostería" cantidad = "500 mililitros"/>
			<ingredient nombre = "Azúcar" cantidad = "100 gramos"/>
			<ingredient nombre = "Gelatina" cantidad = "4 láminas"/>
			<ingredient nombre = "Mermelada" cantidad = "1 tarro "/>
		</ingredients>
		<cooking_steps>
			<step numero = "1"> Moler la galleta y mezclarla con la mantequilla derretida hasta crear una pasta.
			 Cubrir con la pasta la base del molde</step>
			<step numero = "2"> Dejar enfriar el molde mientras preparamos la mezcla </step>
			<step numero = "3"> Introducimos la gelatina en agua tibia para que se ablande</step>
			<step numero = "4"> Ponemos a fuego medio el azucar, la nata y el queso philadelphia. Removemos hasta que este uniforme y añadimos la gelatina hidratada.</step>
			<step numero = "5"> Una vez este ligado perfectamente y sin grumos dejamos reposar.</step>
			<step numero = "6"> Añadimos la mezcla al molde y metemos en la nevera para que enfríe.</step>
			<step numero = "7"> Añadimos la mermelada por encima de la tarta una vez este cuajada. Desmoldamos y servimos. </step>
		</cooking_steps>
		<tools>
			<tool nombre = "Cazo"/>
			<tool nombre = "Molde desmontable"/>
			<tool nombre = "Fuente"/>
		</tools>
		<origin>
			Receta del libro de repostería para principiantes.
		</origin>
	</recipe>
	<recipe nombre = "Pasta arrabiata"
	tipo = "Primer o segundo plato"
	dificultad = "fácil"
	calorias = "800"
	tiempo_de_elaboracion = "PT30M">
		<ingredients>
			<ingredient nombre = "Pasta" cantidad = "400 gramos"/>
			<ingredient nombre = "Salsa de tomate" cantidad = "250 gramos"/>
			<ingredient nombre = "Especias picantes arrabiata" cantidad = "50 gramos"/>
			<ingredient nombre = "Cebolla blanca" cantidad = "media"/>
		</ingredients>
		<cooking_steps>
			<step numero = "1"> Ponemos agua a hervir y le echamos un puñado de sal.</step>
			<step numero = "2"> Una vez rompa a hervir echamos la pasta.</step>
			<step numero = "3"> Mientras hierve, picamos en cuadraditos la cebolla</step>
			<step numero = "4"> Sofreimos en una sarten la cebolla. Una vez dorada añadimos la salsa de tomate y esperamos a que hierva.</step>
			<step numero = "5"> Cuando la salsa este hirviendo añadimos las especias, removemos y bajamos a fuego medio. </step>
			<step numero = "6"> Revisamos la pasta, una vez hervida retiramos del fuego y colamos bien</step>
			<step numero = "7"> Añadimos la pasta recudida a la sarten y lo mezclamos todo.</step>
		</cooking_steps>
		<tools>
			<tool nombre = "Sarten"/>
			<tool nombre = "Olla"/>
			<tool nombre = "Fuente"/>
			<tool nombre = "Escurridor"/>
			<tool nombre = "Cuchara"/>
		</tools>
		<origin>
			Receta italiana. 		</origin>
	</recipe>
	<recipe nombre = "Pollo al ajillo"
	tipo = "Entrante"
	dificultad = "media"
	calorias = "600"
	tiempo_de_elaboracion = "PT20M">
		<ingredients>
			<ingredient nombre = "Pollo" cantidad = "500 gramos"/>
			<ingredient nombre = "Ajo" cantidad = "3 o 4 dientes"/>
			<ingredient nombre = "Harina" cantidad = "! paquete, para rebozar"/>
		</ingredients>
		<cooking_steps>
			<step numero = "1"> Picamos el ajo en rodajas</step>
			<step numero = "2"> Vertemos el aceite en una sarten y la ponemos a fuego medio</step>
			<step numero = "3"> Enharinamos el pollo </step>
			<step numero = "4"> Echamos el ajo y el pollo en la sartén </step>
			<step numero = "5"> Una vez frito retiramos el ajo y el pollo y lo ponemos en la bandeja cubierta con papel de cocina.</step>
		</cooking_steps>
		<tools>
			<tool nombre = "Sarten"/>
			<tool nombre = "Papel de Cocina"/>
			<tool nombre = "Bandeja"/>
			<tool nombre = "Espumadera"/>
		</tools>
		<origin>
			Receta de mi madre.
		</origin>
	</recipe>
	<recipe nombre = "Rissoto de Setas Integral"
	tipo = "Primer plato"
	dificultad = "media/alta"
	calorias = "350"
	tiempo_de_elaboracion = "PT30M">
		<ingredients>
			<ingredient nombre = "Arroz integral" cantidad = "200 gramos"/>
			<ingredient nombre = "Cebolla" cantidad = "media"/>
			<ingredient nombre = "Setas de tu variedad preferida" cantidad = "75 gramos"/>
			<ingredient nombre = "Vino" cantidad = "medio vaso"/>
			<ingredient nombre = "Caldo de pollo" cantidad = "400 ml"/>
			<ingredient nombre = "Queso" cantidad = "50g"/>
			<ingredient nombre = "Albahaca" cantidad = "unas hojas"/>
			<ingredient nombre = "Aceite de oliva" cantidad = ""/>
			<ingredient nombre = "Sal" cantidad = ""/>
		</ingredients>
		<cooking_steps>
			<step numero = "1">Lo primero que vamos a hacer, va a ser en la noche anterior. Vamos a poner el arroz en un cuenco alto y
			 lo vamos a cubrir con generosa agua. Es algo parecido a cuando pones en remojo unas alubias, antes de ponerlas a cocer.
			  El motivo es que el arroz integral, es mucho más duro que el blanco y, con ésto, logramos que se hidrate. Así pues,
			   si lo hidratamos tardará 20 minutos en cocerse. Sin hidratar tardaría el doble. Lo dejamos en remojo toda la noche</step>
			<step numero = "2">Al día siguiente, en una cazuela alta ponemos un chorrito de aceite de oliva a fuego suave. 			Añadimos la cebolla bien picada y las setas u hongos. Echamos una pizquita de sal y removemos con frecuencia,
			 mientras cocinamos a fuego suave.</step>
			<step numero = "3">Pasados 5 minutos, con la cebolla ya algo cocinada y las setas que habrán menguado, 			añadimos el vino blanco. Que le dará un toque ácido bastante interesante a la receta. Dejamos que recupere el hervor
			 y que hierva un minuto, para que se evapore el alcohol y añadimos el arroz, ya hidratado de la noche anterior.
			  Acto seguido removemos, sin parar, hasta que el arroz haya absorbido todo el vino</step>
			<step numero = "4">Ahora viene el secreto del risotto. En vez de echar todo el caldo de golpe,
			 añadimos como un cucharón del mismo y comenzamos a remover. Lo vamos a mezclar constantemente,
			  sin parar. Pasados unos de 3 a 5 minutos, el arroz habrá absorbido todo el caldo. Repetimos la acción,
			   de echar un cucharón del caldo y de remover constantemente. No olvides echar sal, si el caldo que estés empleando no lo lleva.</step>
			<step numero = "5">Pasados de 17, a 20 minutos, repitiendo constantemente el paso anterior,
			 el arroz estará al dente, muy cremoso y nada suelto. Es lo que buscamos. Es el momento de apagar 			 el fuego y con el mismo calor del fuego apagado, añadimos al risotto dos o tres cucharadas de aceite
			  de oliva y el queso rallado. Mezclamos bien y servimos inmediatamente. Este plato es cocinarse y servir!! 			  Puedes espolvorear con unas hojas de albahaca, que le vienen como anillo al dedo a esta receta</step>
		</cooking_steps>
		<tools>
			<tool nombre = "cazuela alta"/>
			<tool nombre = "cucharon"/>
			<tool nombre = "fuente"/>
			<tool nombre = "cuchara de madera"/>
		</tools>
		<origin>
		Plato tipico italiano, receta obtenida de la web https://www.cocinacaserayfacil.net/risotto-setas-integral/
		</origin>
	</recipe>
	<recipe nombre = "Brownie de Chocolate con Nueces"
	tipo = "Postre"
	dificultad = "fácil"
	calorias = "450"
	tiempo_de_elaboracion = "PT40M">
		<ingredients>
			<ingredient nombre = "chocolate de reposteria negro o blanco" cantidad = "200 gramos"/>
			<ingredient nombre = "mantequilla" cantidad = "200 gr"/>
			<ingredient nombre = "azúcar" cantidad = "200 gr"/>
			<ingredient nombre = "huevos" cantidad = "3"/>
			<ingredient nombre = "harina" cantidad = "80 gr"/>
			<ingredient nombre = "canela en polvo" cantidad = "1 cucharada(opcional)"/>
			<ingredient nombre = "nueces trituradas" cantidad = "un puñado (opcional)"/>
		</ingredients>
		<cooking_steps>
			<step numero = "1">Ponemos a cocer agua en un recipiente amplio y, en otro mas pequeño, metemos el chocolate y la mantequilla. Cuando el agua esté hirviendo, ponemos el recipiente del chocolate y la mantequilla encima del agua. A esta forma de cocción,se le llama “Al baño María”. Lo dejamos ahí hasta que se haya derretido todo bien.</step>
			<step numero = "2">En un bol, mezclamos los huevos y el azúcar. Batimos todo bien con un tenedor</step>
			<step numero = "3">Echamos el chocolate y la mantequilla fundidas en la mezcla de huevo y azúcar. Agregamos después la harina, las nueces y la canela.</step>
			<step numero = "4">En un molde bien untado de mantequilla y espolvoreado con harina, para que no se pegue en el horno, echamos esta mezcla.</step>
			<step numero = "5">Pre-calentamos el horno a unos 150ºC. Metemos nuestra mezcla en la rendija del medio del horno, durante unos 30 minutos. Para saber si está hecho o no, pinchamos con un tenedor y cuando salga seco, ¡significará que el brownie ya está cocinado! . Tened paciencia cuando salga del horno y, dejad que repose un rato porque hasta que no pierda algo de temperatura, no se va a poder desmoldar bien. Se va a deshacer.</step>
		</cooking_steps>
		<tools>
			<tool nombre = "Horno"/>
			<tool nombre = "Fuente"/>
			<tool nombre = "Batidora o removedora o a mano"/>
			<tool nombre = "Molde rectangular"/>
		</tools>
		<origin>
			Receta de un postre americano, se recomienda servir caliente y con helado. Receta de la página https://www.cocinacaserayfacil.net/brownie-de-chocolate/
		</origin>
	</recipe>
	<recipe nombre = "Rabo de toro en salsa de vino tinto"
	tipo = "Segundo"
	dificultad = "dificil"
	calorias = "435"
	tiempo_de_elaboracion = "PT6H">
		<ingredients>
			<ingredient nombre = "Rabo de toro" cantidad = "1 kg"/>
			<ingredient nombre = "cebolla grande" cantidad = "1"/>
			<ingredient nombre = "pimiento rojo" cantidad = "medio"/>
			<ingredient nombre = "pimiento verde" cantidad = "medio"/>
			<ingredient nombre = "zanahoria" cantidad = "1"/>
			<ingredient nombre = "vino tinto" cantidad = "litro y medio"/>
			<ingredient nombre = "sal" cantidad = "al gusto"/>
			<ingredient nombre = "pimienta" cantidad = "al gusto"/>
			<ingredient nombre = "aceite de oliva" cantidad = ""/>
		</ingredients>
		<cooking_steps>
			<step numero = "1">Ponemos el vino en un bol y marinamos en el los trozos de rabo de toro, previamente salpimentados. Es decir, los metemos dentro del vino, que queden bien empapados, y dejamos que reposen en la nevera mínimo 2 horas. Aunque puedes dejarlo una noche entera, para que se empape más del sabor.</step>
			<step numero = "2">Hecho esto, sacamos los trozos, uno a uno del vino. Los secamos un poco con papel de cocina y los pasamos bien por harina, para secarlos del todo. Freímos los trozos en un buen chorrito de aceite de oliva. De momento, con sellar cada trozo, es suficiente. Es decir, que cojan algo de color por fuera pero, queden crudos en su interior</step>
			<step numero = "3">Retiramos cada trozo de rabo de trozo del aceite y, en el mismo, añadimos la cebolla, los pimientos y la zanahoria picadas. Salpimentamos y sofreímos, a fuego suave durante unos 5 minutos. Que la verdura se ablande un poco.</step>
			<step numero = "4">Hecho esto, añadimos el vino donde había estado marinando el rabo. Subimos el fuego, hasta que comience a hervir. Hecho esto, contamos cinco minutos. Tiempo suficiente para que se evapore el alcohol y el vino reduzca un poco. Una vez hecho esto, reincorporamos el rabo de toro a toda esta preparación</step>
			<step numero = "5">Ahora cocinamos todos los ingredientes. Si tienes olla a presión, cerramos y cuando suba el pitorro, lo dejamos 40 minutos. Si lo haces en una cazuela convencional, tápala y deja cocinar a fuego medio-suave durante 4 horas. El objetivo es que la carne se cocine en la salsa de vino y quede bien tierna.</step>
			<step numero = "6">Una vez cocinado, hay dos opciones. Si quieres el rabo de toro para el mismo día, simplemente pasa la salsa por un pasapurés y después, devuélvesela al rabo. Con esto obtendremos una salsa un poco tosca pero, igualmente rica. No obstante, si tienes tiempo y quieres dejarlo para el día siguiente (que además estará más rico), una vez que el rabo de toro esté cocinado, tan solo cuela la salsa, retirando todas las verduras. Éstas, ya han dejado sus sabores y además, tendrán mucha grasa, absorbida del rabo. Así que las tiramos. Dejamos enfríar la salsa en la nevera y al día siguiente, retiramos la grasa sobrante. Al estar solidificada, será muy fácil hacerlo con una cuchara. Esta grasa, no tienes porqué tirarla. Puedes añadir una cucharada de la misma a otros guisos. Una vez hecho todo esto, devuelve todo a la olla, a fuego suave. Si el rabo está ya muy hecho, retíralo para que no se deshaga. Cuando la salsa haya reducido y hayas obtenido el espesor deseado, añade de nuevo el rabo de toro y listo. ¡A servir!</step>
		</cooking_steps>
		<tools>
			<tool nombre = "Olla grande o a presion"/>
			<tool nombre = "Espumadera"/>
			<tool nombre = "Cucharon"/>
		</tools>
		<origin></origin>
	</recipe>
	<recipe nombre="Ensaladilla de Bulgur" tipo="Entrante" 
	dificultad="Fácil" calorias="250" tiempo_de_elaboracion="PT30M">
		<ingredients>
			<ingredient nombre="Tomate" cantidad="1" />
			<ingredient nombre=" Cebolla" cantidad="1" />
			<ingredient nombre=" Pimiento Rojo" cantidad="1" />
			<ingredient nombre=" Pimiento Verde" cantidad="1" />
			<ingredient nombre=" Zanahoria" cantidad="1" />
			<ingredient nombre=" Aceite de Oliva" cantidad="2 cucharadas" />
			<ingredient nombre=" Vinagre de manzana" cantidad="1 cucharada" />
			<ingredient nombre=" Bulgur Grueso" cantidad=" 1 vaso" />
			<ingredient nombre=" Agua" cantidad=" 2 vasos" />
			<ingredient nombre=" sal" cantidad="una pizca" />
		</ingredients>
		<cooking_steps>
			<step numero="1">Cocemos el bulgur como si fuera arroz</step>
			<step numero="2">Una vez cocido lo pasamos por el colador</step>
			<step numero="3">Mientras se cuece el bulgur lavamos y pelamos las hortalizas y aliñamos con sal, aceite de oliva virgen extra y vinagre</step>
			<step numero="4">Cuando esté listo el bulgur y lo hayamos refrescado completamente, lo añadimos sobre la vinagreta, mezclamos bien, rectificamos de sal si fuese necesario y servimos.</step>
		</cooking_steps>
		<tools>
			<tool nombre="Fuente" />
			<tool nombre="olla" />
			<tool nombre="cucharon" />
		</tools>
		<origin>Ensalada obtenida de la página: http://cocinillas.elespanol.com/2016/01/ensaladilla-de-bulgur-facil/</origin>
	</recipe>
	<recipe nombre="Gazpacho" tipo="Entrante" dificultad="Fácil" calorias="200" tiempo_de_elaboracion="PT25M">
		<ingredients>
			<ingredient nombre="Tomates" cantidad="1 kg" />
			<ingredient nombre=" Pimiento Rojo" cantidad="1" />
			<ingredient nombre=" Pimiento Verde" cantidad="1" />
			<ingredient nombre=" Pepino" cantidad="1" />
			<ingredient nombre=" Cebolla" cantidad="1/2" />
			<ingredient nombre=" Ajo" cantidad="1" />
			<ingredient nombre=" Aceite de Oliva" cantidad="4 cucharadas" />
			<ingredient nombre=" Vinagre" cantidad="2 cucharadas" />
			<ingredient nombre=" Sal" cantidad="1 cucharada" />
		</ingredients>
		<cooking_steps>
			<step numero="1">En primer lugar rallaremos todas las verduras con un rallador, y las pasaremos luego por un pasapurés.</step>
			<step numero="2"> Tras esto le añadimos 2 cucharadas soperas de vinagre, 4 de aceite de oliva y una de sal.</step>
			<step numero="3">Removemos bien y le añadimos unos pocos cubitos de hielo. Lo metemos en la nevera para que esté aún más fresquito y ya está.</step>
		</cooking_steps>
		<tools>
			<tool nombre="Rallador" />
			<tool nombre=" Fuente" />
		</tools>
		<origin>Receta típica andaluza</origin>
	</recipe>
	<recipe nombre="Arroz frito" tipo="Primero" dificultad="Medio" calorias="350" tiempo_de_elaboracion="PT20M">
		<ingredients>
			<ingredient nombre="Arroz" cantidad="150 g" />
			<ingredient nombre=" Agua" cantidad="350ml" />
			<ingredient nombre=" Aceite de Oliva" cantidad="4 cucharadas" />
			<ingredient nombre=" Sal" cantidad="1 pizca" />
			<ingredient nombre=" Zanahoria" cantidad="1" />
			<ingredient nombre="Cebolla" cantidad="1" />
			<ingredient nombre="Puerro" cantidad="10 cm de parte blanca" />
			<ingredient nombre=" Salsa de soja" cantidad="3 cucharadas" />
		</ingredients>
		<cooking_steps>
			<step numero="1">En un bol apto para microondas ponemos a calentar el agua con una cucharada de aceite de oliva virgen extra y una pizca de sal, sin pasarnos porque luego la salsa de soja lo salará más. Programaremos 90 segundos a 800 W.</step>
			<step numero="2">Sacamos con cuidado de no quemarnos, echamos el arroz y cocinamos en el microondas durante 10 minutos a 800 W sin tapar.</step>
			<step numero="3">Mientras se cocina el arroz, pelamos la zanahoria, la cebolla y las troceamos finamente junto con el puerro.</step>
			<step numero="4">En una sartén de fondo grueso o un wok ponemos a calentar dos cucharadas de aceite de oliva virgen extra a fuego fuerte, añadimos las verduras troceadas y salteamos durante un par de minutos a fuego alto, no es necesario añadir sal porque luego pondremos la salsa de soja y no importa si se chamuscan un poco porque al no llevar ajo no hay problema de que amargue. Eso sí, si vemos que se empiezan a chamuscar y que aún le falta un poco al arroz bajamos el fuego.</step>
			<step numero="5">Cuando esté listo el arroz, añadimos la salsa de soja al sofrito, fuego fuerte, añadimos el arroz cocido y salteamos durante un par de minutos meneando la sartén o el wok para que se fría el arroz.</step>
		</cooking_steps>
		<tools>
			<tool nombre="Microondas" />
			<tool nombre=" Bol" />
			<tool nombre=" Wok" />
		</tools>
		<origin>Receta de arroz frito del chino</origin>
	</recipe>
	<recipe nombre="Focaccia de Aceituna Negra y Tomates Cherry" tipo="Primero" dificultad="Medio" calorias="350" tiempo_de_elaboracion="PT30M">
		<ingredients>
			<ingredient nombre="Masa de Pizza" cantidad="400gr" />
			<ingredient nombre=" Aceitunas negras sin hueso" cantidad=" 75 g" />
			<ingredient nombre="Tomates cherry" cantidad="10" />
			<ingredient nombre="Aceite de Oliva" cantidad="1 cucharada" />
			<ingredient nombre="Tomillo y Perejil" cantidad="al gusto" />
			<ingredient nombre="Sal" cantidad="al gusto" />
		</ingredients>
		<cooking_steps>
			<step numero="1">Precalentamos el horno a 225ºC con calor arriba y abajo sin ventilador.</step>
			<step numero="2">Estiramos la masa sobre bandeja metálica con una lámina de papel de horno aplastándola con las manos o ayudándonos de un rodillo hasta dejar una lámina de aproximadamente 1 cm de grosor. Debe ser algo más gruesa que para hacer pizza.</step>
			<step numero="3">Colocamos las aceitunas negras y los tomates en mitades presionando para que se hundan un poco en la masa y no se caigan cuando esta crezca en el horno.</step>
			<step numero="4">Regamos con la cucharada de aceite de oliva virgen extra que dejaremos caer en forma de hilo para repartirlo bien.</step>
			<step numero="5">Espolvoreamos con unas arenitas de sal sobre los tomates cherry y con algunas especias secas al gusto sobre toda la superficie.</step>
			<step numero="6">Horneamos a media altura en horno precalentado a 225ºC durante unos 20 minutos. Si no queremos que se tueste demasiado la superficie, cuando veamos que está dorada a nuestro gusto podemos taparla con un papel de aluminio durante el resto de la cocción.</step>
		</cooking_steps>
		<tools>
			<tool nombre="Horno" />
			<tool nombre=" Bandeja de Horno Metalica" />
			<tool nombre=" Papel de Aluminio" />
		</tools>
		<origin>Receta Italiana, es una receta vegana de la página http://cocinillas.elespanol.com/2015/01/focaccia-facil-de-aceitunas-negras-y-tomates-cherry/</origin>
	</recipe>
	<recipe nombre="Macedonia" tipo="Postre" dificultad="Fácil" calorias="150" tiempo_de_elaboracion="PT5M">
		<ingredients>
			<ingredient nombre="Fruta" cantidad="la que quieras 350 g" />
			<ingredient nombre=" Almibar" cantidad=" una taza" />
		</ingredients>
		<cooking_steps>
			<step numero="1">Cortaremos la fruta al gusto y en la cantidad que se quiera</step>
			<step numero="2"> Mezclamos la fruta con el almibar en una fuente o bol</step>
			<step numero="3"> Lo dejamos reposar un rato en la nevera y ya estaría</step>
			<step numero="4"></step>
		</cooking_steps>
		<tools>
			<tool nombre="Fuente" />
			<tool nombre=" Nevera" />
		</tools>
		<origin>Macedonia de toda la vida</origin>
	</recipe>
	<recipe nombre="Pollo Cahun" tipo="Entrante" dificultad="Fácil" calorias="350" tiempo_de_elaboracion="PT30M">
		<ingredients>
			<ingredient nombre="Pollo" cantidad="1/2 kilo" />
			<ingredient nombre=" Pimenton picante" cantidad="al gusto" />
			<ingredient nombre="Pimenton dulce" cantidad="al gusto Sal" />
			<ingredient nombre=" Romero" cantidad="al gusto" />
			<ingredient nombre=" Tomillo" cantidad="al gusto" />
			<ingredient nombre=" Salsa de soja" cantidad=" un chorrito" />
			<ingredient nombre=" Harina" cantidad="para rebozar" />
		</ingredients>
		<cooking_steps>
			<step numero="1">Trocear el pollo en tiras y sazonar con las especias y rociar con la salsa de soja</step>
			<step numero="2"> Macerar durante una noche</step>
			<step numero="3"> Al dia siguiente sacar del macerado y en harinar</step>
			<step numero="4"> Freir una vez enharinado</step>
			<step numero="5"> Sacar a un papel de cocina y servir</step>
		</cooking_steps>
		<tools>
			<tool nombre="Freidora" />
			<tool nombre=" Espumadera" />
			<tool nombre=" Fuente" />
		</tools>
		<origin>Receta del KFC</origin>
	</recipe>
	<recipe nombre="Leche de coco" tipo="Postre" dificultad="Medio" calorias="250" tiempo_de_elaboracion="PT1H">
		<ingredients>
			<ingredient nombre="Agua" cantidad="350ml" />
			<ingredient nombre="Coco Rallado" cantidad="120g" />
		</ingredients>
		<cooking_steps>
			<step numero="1">Ponemos en un recipiente el coco rallado, mejor fresco pero no importa si usamos de paquete, nos agilizará la tarea. El rallado cuanto más fino sea mejor.</step>
			<step numero="2">Llevamos el agua a punto de ebullición, podemos hacerlo en un cazo o bien en el microondas. A continuación, vertemos el agua sobre el coco rallado y lo mezclamos todo bien, lo tapamos con un paño y dejamos infusionar durante unos 30 minutos aproximadamente.</step>
			<step numero="3">Trascurrido el tiempo de reposo batimos la mezcla durante unos minutos, después la pasaremos por un chino o bien la colaremos prensando con ayuda de una cuchara para sacar todo el jugo.</step>
			<step numero="4">Una vez hayamos terminado de colar volvemos a pasar la mezcla por la batidora y repetiremos el paso de colar prensando.</step>
			<step numero="5">Por último, para asegurarnos de que no queda ningún trocito de coco en la leche, volvemos a colar con la ayuda de un colador fino o con un paño.</step>
		</cooking_steps>
		<tools>
			<tool nombre="Fuente" />
			<tool nombre=" Olla" />
			<tool nombre="Batidora" />
			<tool nombre="Colador" />
		</tools>
		<origin>Receta de la pagina web cocinillas.</origin>
	</recipe>
	<recipe nombre="Leche de Almendra" tipo="Postre" dificultad="Medio" calorias="250" tiempo_de_elaboracion="PT1H">
		<ingredients>
			<ingredient nombre="Almendra Cruda" cantidad=" 1 taza" />
			<ingredient nombre=" Agua" cantidad=" 2 tazas" />
		</ingredients>
		<cooking_steps>
			<step numero="1">Lo primero que tenemos que hacer es hidratar las almendras dejándola a remojo como mínimo una noche, aunque podemos dejarlas hasta 48 horas</step>
			<step numero="2">Cuando las almendras estén bien hidratadas, las escurrimos y las enjuagamos bajo un chorro de agua fría.</step>
			<step numero="3">Las ponemos con las dos tazas de agua en un procesador de alimentos -Thermomix, batidora de vaso, trituradora,… – y trituramos, primero dando unos golpes de turbo para romper las almendras y luego unos minutos seguidos a velocidad más lenta hasta conseguir una papilla muy fina y homogénea.</step>
			<step numero="4">Ponemos un paño de algodón sobre un colador y colamos la mezcla recogiendo la leche ya colada sobre un bol y terminando de apretar bien con las manos para que escurra bien todo el líquido.</step>
			<step numero="5">Podemos endulzarla con azúcar, con miel o cualquier otro endulzante o dejarla tal cual antes de guardarla en el frigorífico para consumirla en un plazo de 2 o 3 días.</step>
			<step numero="6">Los residuos sólidos que quedan dentro del paño de algodón se pueden deshidratar secándolos en el horno extendidos en una bandeja y dejándolos de 2 a 3 horas con el horno a la temperatura mínima. Luego se pueden usar como harina de almendra en recetas de repostería.</step>
		</cooking_steps>
		<tools>
			<tool nombre="Fuente" />
			<tool nombre=" Batidora" />
			<tool nombre=" Paño de Algodon" />
		</tools>
		<origin>Pagina web cocinillas </origin>
	</recipe>
	<recipe nombre="Batido verde de espinacas" tipo="Postre" dificultad="Fácil" calorias="100 " tiempo_de_elaboracion="PT5M">
		<ingredients>
			<ingredient nombre="Espinacas frescas" cantidad=" 50g" />
			<ingredient nombre=" Plátano" cantidad=" 1/2" />
			<ingredient nombre=" Apio" cantidad=" 2 ramas" />
			<ingredient nombre=" Naranja" cantidad="1" />
			<ingredient nombre=" Perejil" cantidad=" 2 ramitas" />
			<ingredient nombre=" Agua" cantidad=" 150 ml" />
		</ingredients>
		<cooking_steps>
			<step numero="1">Exprimimos la naranja y reservamos el zumo.</step>
			<step numero="2">En una batidora de vaso americano ponemos los trozos de plátano congelados, el perejil, el apio lavado y cortado en trozos, las hojas de espinacas, el zumo de la naranja y el agua. Si sois muy golosos le podéis añadir una cucharada de miel o sirope de ágave, pero no es imprescindible, porque la naranja y el plátano ya aportan suficiente dulzor.</step>
			<step numero="3">Cerramos la batidora y trituramos a velocidad máxima hasta que tengamos una mezcla homogénea y ligeramente espumosa.</step>
			<step numero="4">Servimos inmediatamente.</step>
		</cooking_steps>
		<tools>
			<tool nombre="Exprimidor" />
			<tool nombre=" Batidora" />
		</tools>
		<origin>Receta de la pagina web cocinillas.</origin>
	</recipe>
	<recipe nombre="Tarta de uvas" tipo="Postre" dificultad="Medio" calorias="450" tiempo_de_elaboracion="PT1H">
		<ingredients>
			<ingredient nombre="Harina de trigo" cantidad=" 2 tazas" />
			<ingredient nombre=" Margarina vegetal" cantidad=" 1 1/2 tazas" />
			<ingredient nombre=" sal" cantidad=" 1/2 cucharadita" />
			<ingredient nombre=" azúcar" cantidad="1/2 cucharadita agua fria" />
			<ingredient nombre=" uvas" cantidad="5 tazas" />
			<ingredient nombre=" azúcar" cantidad="1 taza" />
			<ingredient nombre=" zumo de limon" cantidad=" 1 cucharada" />
		</ingredients>
		<cooking_steps>
			<step numero="1">Si las uvas que vamos a usar tienen semillas, el primer paso será cortar una por una todas las uvas a la mitad para extraer las semillas. Obviamente, este paso podemos omitirlo si hemos comprado uvas sin semillas. En cualquiera de los dos casos ¡dejaremos la cáscara! Si la quitáramos, además de cambiar el sabor de la tarta, las uvas serían demasiado blandas y perderían todo su líquido.</step>
			<step numero="2">Una vez que tengamos preparadas las uvas sin semillas, las pondremos en un cazo con el zumo de limón y el azúcar. La cantidad de 1 taza de azúcar es orientativa, si las uvas están muy dulces tal vez prefieras echar menos azúcar. Pondremos en el fuego y, cuando la mezcla empiece a hervir, la dejaremos a fuego bajo durante diez minutos (debe consumirse casi todo el líquido que suelten las uvas, así que pueden dejarse más tiempo si es necesario). Luego retiraremos del fuego y dejaremos enfriar.</step>
			<step numero="3">Mientras tanto prepararemos la masa con los demás ingredientes. Para ello mezclaremos en un cuenco harina, sal y azúcar. Luego añadiremos la margarina y empezaremos a trabajar con las manos, finalmente agregaremos el agua fría y seguiremos trabajando.</step>
			<step numero="4">Dividiremos la masa en dos bolas, una un poco más grande que usaremos para la parte de abajo de la tarta. Extenderemos la masa con un rodillo y luego la colocaremos con mucho cuidado en el molde para que no se rompa. Cubriremos bien los bordes, echaremos las uvas y colocaremos encima la tapa de la tarta.</step>
			<step numero="5">Uniremos la tapa de la tarta con los bordes de la base ya sea enrollando ambas capas de masa o aplastándolas contra el borde del molde con un tenedor. Luego haremos tres o cuatro agujeros en la masa de la tapa pinchando con un tenedor para dejar que salga el vapor de las uvas cuando la tarta esté en el horno.</step>
			<step numero="6">Meteremos al horno a 170ºC durante 35 minutos.</step>
			<step numero="7">Dejar enfriar desmoldar y servir.</step>
		</cooking_steps>
		<tools>
			<tool nombre="Horno" />
			<tool nombre=" Cazo" />
			<tool nombre=" Fuente" />
		</tools>
		<origin>Receta de la pagina web vegetarianismo.net.</origin>
	</recipe>
</recipes>